id,username,mobile,name,avatar_id,photos,created_at,updated_at
19,rdolores,15986005558,aad,77,"1,2,3",1597634703,1597637107
6,svoluptates,18128982938,aperiam37,90,"4,5,6",1597634702,1597635507
14,calias,17130721400,aquibusdam,8,"1,2,4",1597634703,1597635807
3,earum84,18217075293,asint,22,"4,5,7",1597634702,1597634707
17,possimus_ad,15754306485,autem58,70,"1,2,5",1597634703,1597636807
20,lexplicabo,17005247697,dolores_excepturi,51,"4,5,8",1597634703,1597636707
16,est05,15328832017,enim_deleniti,25,"1,2,6",1597634703,1597636107
22,praesentium_et,15932941691,laboriosam12,71,"4,5,9",1597634703,1597636907
4,nihil_est,18114715981,maxime90,59,"1,2,7",1597634702,1597635207
5,ipsa_doloremque,13044900054,nemo_et,43,"4,5,10",1597634702,1597635007
7,est_autem,17695652899,neque67,24,"1,2,8",1597634702,1597634807
9,jet,17011577708,non.ut,46,"4,5,11",1597634702,1597635107
18,voluptate.eum,13875942384,odolore,99,"1,2,4",1597634703,1597637407
24,quo19,18165269396,perferendis_molestiae,76,"4,5,7",1597634703,1597637007
8,nobis83,13564104467,praesentium.eaque,60,"1,2,5",1597634702,1597635307
15,ipsa.quaerat,15263169342,quo_placeat,42,"4,5,8",1597634703,1597636507
10,odio80,15051965621,quos.at,66,"1,2,6",1597634702,1597635407
23,fuga87,15393715759,repudiandae72,36,"4,5,9",1597634703,1597636407
21,et02,13280523601,rerum.dolorem,29,"1,2,7",1597634703,1597636207
25,sed.assumenda,15889015605,rerum.laudantium,81,"4,5,10",1597634703,1597637307
13,dolorum32,18824312446,rerum_assumenda,19,"1,2,4",1597634703,1597636007
12,blanditiis39,17190234479,ssapiente,6,"4,5,7",1597634703,1597635607
11,et_delectus,15530371581,ut02,26,"1,2,5",1597634702,1597634907
